,A,B,C,D
2000-01-01,-0.16485142028473318,-0.1524744884674244,-0.06901103233347858,0.5864167068241266
2000-01-02,0.2629773457782453,0.7926950786664175,0.04205157010101278,1.1835070897145346
2000-01-03,-0.30292740118001493,-0.38610023881477007,2.2330004858389567,-0.07490763121060295
2000-01-04,0.31992461965659635,-0.42085009314441973,1.5445505068915308,-0.541894741779906
2000-01-05,-0.7900824006993374,1.1822737870543643,1.24649905895644,-1.1666327581847145
2000-01-06,-0.5047728104664402,0.46107484535650445,0.6897810944891892,0.9932013059365654
2000-01-07,1.4178080675142744,1.0025101840766362,1.5449920103401693,1.4545691400994385
2000-01-08,0.5944035816895858,2.7679850328985802,1.3975415195765513,1.3034733722376706
2000-01-09,0.5839505776416072,3.7169048395533624,1.2509639853818066,2.585745767347648
2000-01-10,0.7547106659490161,3.8049155632265,1.119436109663863,3.0797225755894626
2000-01-11,1.0830485996615868,4.1809346291304585,0.536492587899242,2.522020103147597
2000-01-12,0.5857435068310023,4.586594160575197,0.8145555221771974,1.0673605762715224
2000-01-13,-0.7817258799820813,5.293216285822277,0.33792596852314305,2.5723109669176694
2000-01-14,-2.076205536735994,5.061376649708551,-0.6521914016883705,2.5316274897699085
2000-01-15,-1.8982335447554435,3.681610369322595,-1.3338337882769582,2.9737262333027594
2000-01-16,-1.3096276393452446,4.796549996973386,-3.328549863920661,3.0167312136465743
2000-01-17,-1.2897084886055106,6.753723124761162,-5.291038880635524,3.709441988545664
2000-01-18,-1.086899970635042,9.825667222353854,-5.667011195762869,4.038040858819291
2000-01-19,0.055530029971679884,8.032358152749847,-4.858631469503182,3.415431446257985
2000-01-20,-1.702238478924858,7.422421842554307,-4.8890142184150704,3.332943822357652
2000-01-21,-2.5992012181329325,7.102663716519888,-3.436781838073018,3.1610819481756236
2000-01-22,-2.121970096850586,8.813097999310441,-2.1531534024406973,3.673978474334156
2000-01-23,-3.610717045765519,8.331167983952438,-0.9864888580233491,4.420405471851437
2000-01-24,-4.536934192486313,7.849933931735674,-1.001730384064493,5.700425154567856
2000-01-25,-5.38221130072887,7.819711965693859,-2.6649000528079614,6.773869115751577
2000-01-26,-4.888474960598004,8.741979986199839,-2.9021363295651375,7.388727234298989
2000-01-27,-4.053077792309633,10.120299035649447,-2.435349888299382,5.214390059138933
2000-01-28,-4.619217366186803,9.47526183961629,-3.625305848053327,3.384517281030014
2000-01-29,-5.4076192476240745,10.12225302383748,-3.003698968556031,2.938086518529798
2000-01-30,-7.236751347565981,11.297214639816374,-3.537733064149774,2.4014365814951013
2000-01-31,-5.782289898207228,11.756311876251946,-2.814671532222817,1.203250271791757
2000-02-01,-6.170813837642989,11.614158821182698,-1.734741941477938,2.1395429488900435
2000-02-02,-6.840897961328085,12.334782176746991,-3.179013257396619,2.1238416284457045
2000-02-03,-7.25359576906461,12.576013104761756,-2.4586899301973677,1.0563676249942064
2000-02-04,-6.308270389425068,13.018268143216456,-3.2803282902637525,3.133781268142651
2000-02-05,-6.3150077138204175,13.396814969410524,-2.797678252468843,3.1898646894280467
2000-02-06,-6.080349094803143,12.962666366251195,-2.3130320783531255,3.38220002056638
2000-02-07,-3.7341156031248426,14.07724559951194,-2.2079671990830407,2.421779998678698
2000-02-08,-4.053519554249207,13.21144134376789,-2.383346356423758,1.2398706874490242
2000-02-09,-3.8337919095762754,14.106500897547333,-3.281133082049908,2.521453003736557
2000-02-10,-2.8818559593172397,14.617807046784717,-3.0531339794478383,3.1969133616845786
2000-02-11,-5.3732810290393935,14.03647756088443,-2.2420287183259138,2.9733902801750465
2000-02-12,-3.6948068751769654,14.018703629887222,-2.2066626965220033,3.7414849372122587
2000-02-13,-3.623298673778747,14.407890955475954,-3.50198814469006,2.7244215899656767
2000-02-14,-2.813639564081142,12.553171129537338,-4.545816345347177,3.4151786374937876
2000-02-15,-3.9396053907094886,14.216219083023857,-5.2850639074218515,4.0206345916749155
2000-02-16,-4.441368335117003,14.412244192527945,-5.292951314491828,4.59014378008568
2000-02-17,-4.148947235264747,13.42440805533013,-4.101852201182703,4.757156010651461
2000-02-18,-4.278287243528885,12.510797705460568,-3.5693531902660895,5.097832282250097
2000-02-19,-4.427849913864739,13.545634096704985,-4.747441306223848,6.243957998138545
2000-02-20,-4.719693002734671,12.975784750592846,-6.12240607693676,5.287919322837744
2000-02-21,-4.322397674301174,12.043745803030328,-5.330277992417636,5.003486244283
2000-02-22,-3.277103059217872,11.67769922667261,-3.6003374321373003,6.1414706957994
2000-02-23,-4.003755312751871,10.789604127337729,-3.4153295083787207,6.957480830511985
2000-02-24,-3.8205108916979436,12.066354871120923,-6.048462413288959,7.14379803642832
2000-02-25,-4.8398718788250665,12.857416133783419,-4.961142343854876,7.992067952549965
2000-02-26,-3.6804761461030315,11.70854940133228,-4.20382361560558,8.899254188826866
2000-02-27,-3.4846544376300823,12.377652966389117,-4.713140355302277,8.639019106352736
2000-02-28,-4.847730831801995,12.021914299285951,-4.758811001050069,8.632266155962965
2000-02-29,-6.080599806381448,10.60639540267338,-5.163929401600767,8.263826943889423
2000-03-01,-6.318426319268065,10.566652782916115,-5.314555079855642,9.063049112757572
2000-03-02,-7.89644300728839,9.969117346815267,-5.265476091117184,10.865990851847794
2000-03-03,-10.006921216041174,9.919578873281841,-5.144466016342284,11.144074151190352
2000-03-04,-10.396575618261105,9.992243553648073,-5.230942711897006,9.52062773051601
2000-03-05,-11.067504804917734,9.24097494890039,-5.337977280914173,9.105994542461373
2000-03-06,-12.226786252149093,9.71977560328857,-4.377694765344158,10.07741878457827
2000-03-07,-12.276149960825922,9.538114449884064,-4.060560606178782,9.228331397345979
2000-03-08,-11.452115368622131,9.069870353872458,-3.574358382589959,8.450012581221378
2000-03-09,-12.399368301808842,10.572331040297092,-4.334123715713227,7.9699053407446545
2000-03-10,-11.240967539375795,11.119108267297808,-4.3829351155498815,6.291152358490181
2000-03-11,-9.291483261850185,12.164982675026424,-3.6042499747135337,6.811677558891178
2000-03-12,-9.318879897468747,13.342439668599747,-3.638744783912827,7.944238791395982
2000-03-13,-9.090405638246002,12.101245294461865,-2.2291572606583143,7.876502075790382
2000-03-14,-9.64434423574198,11.800149565324961,0.23433995218965098,9.575726302235546
2000-03-15,-9.847944227621959,12.603115488189873,1.0019986693428322,9.87145022088837
2000-03-16,-9.645122344669893,13.192039032671685,0.4644613414034645,10.556611831460689
2000-03-17,-8.383411870101101,13.658692414073197,0.37080382132853906,11.939563915767604
2000-03-18,-7.52532334375299,14.314333777376502,0.6373448512311446,11.172413970150837
2000-03-19,-8.558789658799707,14.11054362294896,0.3991552424628766,10.833285372800134
2000-03-20,-7.248197292372131,12.623335995996015,1.3420138640688295,13.31775463691141
2000-03-21,-7.836116473445948,14.684578035058497,1.7473924602934368,13.535866027854501
2000-03-22,-7.475181429052503,13.85824894528188,2.2599550726316107,12.216469843917983
2000-03-23,-7.310218411710793,12.194070659478431,2.8636886125422114,12.864330523455113
2000-03-24,-7.135123267380594,14.180726865843216,1.8895850205516767,13.359101810522533
2000-03-25,-7.4724807194207035,14.43937060043355,1.2521339021579994,10.360772488406361
2000-03-26,-6.427840504972283,14.849721249244329,2.0481840721197253,9.745772797692029
2000-03-27,-7.260652623910878,15.095431527849264,2.823343729342463,10.066542174045686
2000-03-28,-8.465680560191666,14.035104563596324,2.2698813667681383,9.140033942888607
2000-03-29,-8.718981600234326,15.024040487269902,2.9788720457057436,8.908748491890659
2000-03-30,-8.981659591881098,14.690353654338827,2.6612840556074127,10.029641287630833
2000-03-31,-8.343288359495912,15.104169978017936,3.2336157670346735,10.170057187823994
2000-04-01,-8.62864543953782,13.772580439064335,4.67998997022965,8.33775653665487
2000-04-02,-9.757645109790298,15.36678869704847,3.613872307676931,6.907897802242224
2000-04-03,-9.28936509485608,16.37088575337538,2.7958112709269676,5.60370179402258
2000-04-04,-8.627897083566292,14.47071463642173,2.7420970060832985,6.1596616557452055
2000-04-05,-9.25035188514344,13.231250710163593,5.72301589319041,5.373181100166568
2000-04-06,-7.6804415769497085,13.238524736808499,7.79995643896382,3.401738700833756
2000-04-07,-7.252232202785982,13.801168817428001,7.833050350315194,3.023329539378916
2000-04-08,-6.238916393007635,14.452226698671026,10.527396580301748,3.35422691606409
2000-04-09,-5.36307673269594,14.193679458922452,10.355838599630252,3.7984090809938533
2000-04-10,-7.213178984677349,12.741232464046549,11.062900280982936,4.040589009339018
2000-04-11,-6.4771565222349405,12.848428915330889,10.58890486213529,4.192270469696841
2000-04-12,-8.837356026643223,14.193149617109595,11.049951027201827,3.496793557420375
2000-04-13,-8.085893314917655,13.364023218124684,12.319576363790622,2.6147919072303654
2000-04-14,-5.760910710087893,12.990609020600946,12.400483690548779,0.8692543366147514
2000-04-15,-6.122804399147632,14.033577044499516,12.846295502423246,0.3469248961000475
2000-04-16,-5.075695265010474,12.239824281242122,13.259896188851275,0.7204807015394661
2000-04-17,-5.282296170924214,13.418918639936333,14.863433689643077,0.7480165530736956
2000-04-18,-4.928187920786032,12.550445089874351,13.20122422810219,0.9463378630579683
2000-04-19,-5.0871380284520304,11.939734629438409,12.354183214382019,2.9787979840354506
2000-04-20,-4.685060373773593,11.276679765179598,12.042280614361946,2.935757199200435
2000-04-21,-3.0104900310596374,11.573573717424214,13.279060355318398,1.5208656511175218
2000-04-22,-4.157877250075142,10.934227283705168,11.691405771514441,1.5186511816726922
2000-04-23,-5.4877958803109195,10.62780931265147,12.789280953730124,1.053218151063152
2000-04-24,-4.446974636536488,10.241217804493056,14.606871150124102,0.8023780323944726
2000-04-25,-5.547123854619353,9.52242656117088,14.071130017749589,1.5362039649106487
2000-04-26,-5.044802243602817,7.849693400821269,13.442893499245821,3.9033720694857665
2000-04-27,-4.955663839230902,7.178915318507625,12.571557529834207,3.171155109294353
2000-04-28,-4.314647336919386,6.569567436678538,14.110519295086013,2.4162590264114057
2000-04-29,-5.2176101723548385,7.427767573151436,14.744824498701755,3.098009338678981
2000-04-30,-2.1011905229290067,6.829419094077965,15.131854894123274,3.1487890309706077
2000-05-01,-1.63908162990481,8.06112874195711,16.003723386783523,2.7119308600453116
2000-05-02,-1.3607402234461474,8.898400668334594,16.758048727675472,3.860114835164047
2000-05-03,-0.2664161891514498,9.470701908677958,17.538650892156436,4.58959147391708
2000-05-04,0.14318286630865895,7.373645662480816,15.44830655642944,4.647041339967707
2000-05-05,0.7683713135397278,6.958530910670982,15.449497267737945,3.9655363326576856
2000-05-06,0.5377124173799029,5.335322365349527,13.469160634964407,4.633673693671545
2000-05-07,-0.9803200344156481,6.4595639338665745,13.50351720829315,3.9952771342023787
2000-05-08,-1.514037784725947,7.438746017465836,13.544469291059182,2.766994681564804
2000-05-09,-0.36606286447728964,8.818945871808133,14.723307088145475,3.9194113967115416
2000-05-10,1.0063047209517073,8.286022602123683,15.205384747020014,2.577903863674962
2000-05-11,0.1436320577806428,8.461784757382995,15.565105905320928,1.9719966575662013
2000-05-12,0.0005754535768038027,7.867758415158591,16.247823748838357,1.065267758216789
2000-05-13,-0.9052072386473434,7.810390915454431,16.26130972068258,2.378818271231374
2000-05-14,-1.4909335407810662,7.633595743866672,16.30189624299484,2.085648006883801
2000-05-15,-2.5200588658929384,8.544441230515295,15.820369782996195,0.9623620487545967
2000-05-16,-3.2299374553461364,9.39493841369867,15.793279532458948,0.49864361762504755
2000-05-17,-3.8740775281010222,7.597650043167968,16.760377925901892,1.2002377763934604
2000-05-18,-5.134120510742333,6.8578962475643905,16.738045093352806,-0.386050173405575
2000-05-19,-5.667496270094562,5.8391062840179355,15.841410396336226,-1.9443147505897196
2000-05-20,-3.469664634018155,5.028152855258132,17.040534425276785,-2.6561076315935868
2000-05-21,-3.683248487571767,4.66481753635456,16.625359772593725,-3.1745500416755528
2000-05-22,-3.563562437426207,5.28965167943464,18.24877846016274,-4.486053975431446
2000-05-23,-2.7812259416754093,5.434998775062487,16.675240583865836,-7.014833558827126
2000-05-24,-1.6711795067006534,4.450878452861995,17.678486122622367,-7.529700750203302
2000-05-25,-1.8251800733275445,4.978038047810829,16.435892601945653,-8.517835974701343
2000-05-26,-1.510004892855483,3.748409162381257,16.346180653926062,-6.989044998164619
2000-05-27,-0.0635856787569522,2.1201832948341823,16.35068790809947,-7.527888203939121
2000-05-28,0.4503393397272888,2.6790061439178494,15.255489217997068,-7.156171262120551
2000-05-29,0.5289703625020447,2.255315149992432,17.110805488797862,-7.495410119397631
2000-05-30,0.4532918054563001,2.1820271832794957,17.931155132354878,-6.520081464327921
2000-05-31,-1.0245757745709838,4.781548534517233,18.70155685405212,-8.295734312105289
2000-06-01,-1.6579886784883935,5.741483122953046,17.81564382647191,-7.576670405228435
2000-06-02,-3.1261745225156026,4.734914624389528,17.279500251981666,-8.332962818667635
2000-06-03,-3.129170715684726,6.31062871705581,17.52461038811226,-6.461305473890675
2000-06-04,-4.15217477244671,4.8505751419907,17.461237841224253,-7.467644922339506
2000-06-05,-4.235665352882703,5.162521228600825,18.44858785281078,-6.7815641483171145
2000-06-06,-4.930371515376899,4.26180183685986,17.418270019544305,-6.093578505625798
2000-06-07,-5.231090762647073,3.11380486005283,16.773966842242423,-6.715247427280611
2000-06-08,-5.184192762797659,4.052495047896977,16.338724571254353,-7.152243108961366
2000-06-09,-5.516971862281728,2.9990811910938584,16.020501084256892,-8.473912144705066
2000-06-10,-5.709484722669277,1.6517216982922185,14.40858100013154,-7.220963075370728
2000-06-11,-4.371707473001186,3.0324950057196705,13.084561214834746,-7.446001673644558
2000-06-12,-5.597563931288076,3.7995015440295146,13.578295823028412,-8.171879229375817
2000-06-13,-4.644099777860158,2.9752329137862445,15.044287311138554,-7.194951468572573
2000-06-14,-3.3230467862952136,3.210512025062923,14.845326299178526,-7.990999918919618
2000-06-15,-3.7277978437255967,3.4938039467682227,15.388055270493282,-7.599415353207331
2000-06-16,-4.0227067830725485,3.5286616565593887,15.74046877869608,-10.672622922729763
2000-06-17,-5.459790811820689,3.6339591792908807,15.585439592503958,-11.557530468930816
2000-06-18,-6.969780672918052,5.667865932755152,15.993011764935135,-9.825909984436244
2000-06-19,-6.3520914995422935,5.302459253778566,14.90726393379653,-10.046631683067776
2000-06-20,-6.256637831929773,4.170700473932194,15.120981510689548,-10.787513107659166
2000-06-21,-6.062680892726352,3.3275468148204843,15.544164107803297,-11.51410668841055
2000-06-22,-5.660797848884559,3.556132773408084,14.953077115249782,-11.06986118106593
2000-06-23,-4.856309453023712,2.3338271291312047,15.450894849827032,-11.467132541813092
2000-06-24,-4.377531883693958,0.9564507938020688,14.055009838297359,-11.484346863257567
2000-06-25,-4.275922012610671,0.8268795814277171,14.960984059254875,-10.196767207109819
2000-06-26,-5.967992792088779,0.9105006325298425,14.585079818080576,-10.635852799466464
2000-06-27,-6.442161468420636,0.01452881891563762,13.93735349930285,-10.924696313158568
2000-06-28,-5.139422607278231,0.5123959630511146,12.487909138337391,-8.622268122591274
2000-06-29,-5.142330884004913,-0.38705681650384405,12.727187203829967,-8.401044294598208
2000-06-30,-6.972304127317423,-0.5318398734128927,14.990965399350113,-7.4818991357602
2000-07-01,-5.599913366186164,-0.13194287775366825,14.233078983033813,-7.050388323692594
2000-07-02,-7.483799300139497,1.1626250225991734,13.414612298615538,-6.962260470454822
2000-07-03,-7.293554967470891,0.6066448822133731,13.745240894270372,-7.133661755265057
2000-07-04,-9.370287889799624,1.0798789777600575,14.101492398568583,-8.052610554361944
2000-07-05,-8.727173556468975,0.887833230858145,16.082420550748274,-9.744134220640904
2000-07-06,-7.096733391613046,1.547369818130171,18.071847125658238,-9.558353379538243
2000-07-07,-7.210907515924088,1.0771985491762366,18.928933580995373,-9.613379331613688
2000-07-08,-6.661761602458897,1.8345756032074503,17.989050633827638,-10.411284074835987
2000-07-09,-7.291367570937769,0.15504659701805723,17.827690957679142,-11.932145493429976
2000-07-10,-6.902330207437815,0.5338955289177256,17.28222633560908,-11.47039801291869
2000-07-11,-6.515740558815239,1.209546056271813,17.14358572664136,-13.615549331312481
2000-07-12,-6.640086125970833,-0.09270536992549538,16.781376982098895,-11.819705207865747
2000-07-13,-7.403096892456566,-0.15101270871043157,16.539032045319463,-12.486638029504231
2000-07-14,-7.532132825808174,-0.21118889997281515,15.185984671180748,-13.017933815731107
2000-07-15,-7.749103857291388,0.41345292726697075,15.831286019126507,-12.827012874999687
2000-07-16,-8.671048942984148,0.9179155077743559,16.103935468846696,-12.1180890159726
2000-07-17,-9.444708755192249,-0.8131445117191991,16.624425746670916,-13.26948367317658
2000-07-18,-8.6746258502072,-0.7850785556998502,15.969802962301744,-11.881675736125727
2000-07-19,-9.1385116065414,-0.6922748294374739,15.701359529180928,-12.137778578882271
2000-07-20,-10.08971136119364,-0.7360248802977734,13.801157816244917,-12.866041787511337
2000-07-21,-9.079531795194244,-1.345275110212377,13.524764519443568,-12.871670496923072
2000-07-22,-9.14343540284289,-2.104681566317385,13.153484889103012,-14.162307262011527
2000-07-23,-8.466478775205921,-2.6594938219557873,13.025579535629882,-14.446223567960828
2000-07-24,-8.759431952037103,-1.402679070704269,13.668843980066491,-15.030674531516127
2000-07-25,-10.058907672274335,-1.7644579448991389,12.567229413850715,-14.720595902664726
2000-07-26,-12.856154356230837,-0.9569243147066393,12.448442061596175,-14.307250346009171
2000-07-27,-12.076310679174497,-2.0696345361155837,12.87439210089968,-14.57328734187881
2000-07-28,-10.548679217259632,-1.444423912976091,12.63021488136968,-16.52703985206229
2000-07-29,-10.649005541183312,-2.426123295412305,14.021234634922445,-15.018595742294155
2000-07-30,-11.030937478167887,-3.697246621144996,13.241621464705284,-12.99326145798328
2000-07-31,-10.627087454843222,-4.89527029084581,13.458233169574282,-12.392080877224053
2000-08-01,-9.279633357719126,-5.639002859174277,13.121377559071675,-11.778401810549875
2000-08-02,-9.728597460564758,-6.900781981598231,14.02288739374908,-11.634165974083368
2000-08-03,-11.31432086297971,-5.22548228092205,13.295754805134752,-12.334084446352833
2000-08-04,-12.932607113323982,-5.638227255655074,14.015617456335061,-13.385532596299697
2000-08-05,-11.840709103767953,-4.964137763760736,13.903919573933287,-13.38993663651125
2000-08-06,-10.863087205480934,-6.062891809754459,11.713170592154297,-13.344833542293077
2000-08-07,-11.144461423394924,-6.36490445771165,11.995643634344207,-13.428667001774695
2000-08-08,-12.56771894544903,-6.259184840200214,12.406192037568019,-13.103252533138614
2000-08-09,-12.1214181824775,-4.214526789572521,13.685751181635387,-14.084019076383218
2000-08-10,-11.528851225573645,-3.2102710557028447,13.155728854050597,-14.357693382567607
2000-08-11,-11.496599156855938,-3.65369946689124,14.386689902231227,-13.584909263973394
2000-08-12,-10.248972173503379,-2.5932229759572705,14.140719747521159,-13.108623734270878
2000-08-13,-9.110981339587749,-2.942724715278369,13.986800940081432,-12.326827127636214
2000-08-14,-8.899328631937134,-4.446731967564193,14.35116067320017,-12.569668099528588
2000-08-15,-9.621509265647697,-4.7828356332326445,14.261359433053238,-11.581398000648221
2000-08-16,-9.818844141076735,-6.26961208249325,13.061824444551497,-11.878921811728924
2000-08-17,-9.473920069422704,-5.6930555903056135,13.69606727814527,-11.349043949340007
2000-08-18,-9.998378359712376,-6.14373358436903,13.92161717770626,-9.391216523976738
2000-08-19,-11.196581659679246,-5.12561057776224,13.575800912462752,-10.215744572895833
2000-08-20,-11.578427270657185,-6.1329238948739615,14.547032947088779,-10.431065407346471
2000-08-21,-11.995092076590874,-5.508122931038417,15.587938865347109,-11.893165433216554
2000-08-22,-11.998857062188804,-6.625029749228985,17.896005075142448,-10.859327550587949
2000-08-23,-11.985169731335548,-7.347124211979649,17.433302797453265,-10.72440164409168
2000-08-24,-12.36842391027123,-5.707874236435587,18.99872033149084,-12.21110386181222
2000-08-25,-11.800740523200032,-4.073060948342691,19.67802357862981,-11.245196532779115
2000-08-26,-11.130324850214762,-4.492638019421206,19.238051357637485,-11.603783831154585
2000-08-27,-11.835937214550581,-4.607034998490643,18.431497673146946,-12.675746228704744
2000-08-28,-10.944195279690378,-6.454270854447375,19.3055811592991,-12.485524707146043
2000-08-29,-11.186209507350352,-6.108973501657833,17.279902209219934,-11.64703138833652
2000-08-30,-12.180100507277915,-5.4440916223731675,17.257044087737224,-12.113452396048732
2000-08-31,-12.42754687759083,-4.903726885576726,16.46973726853293,-12.292981589920503
2000-09-01,-14.58583672790169,-3.7615492061808498,16.28973576540321,-10.400572484585197
2000-09-02,-13.957799191249604,-3.8910456159121276,15.474238537677666,-8.462222996640108
2000-09-03,-15.113061698427856,-2.92960857299179,16.573925587652663,-8.999546280707001
2000-09-04,-15.58139968119452,-4.368891136170677,17.146643370208597,-7.9086576581242
2000-09-05,-16.79415663325142,-3.6714837816464008,17.55658123802666,-6.249085009773682
2000-09-06,-16.760469879394165,-4.531789865673649,18.771853960197053,-4.781070556658246
2000-09-07,-16.86421785703368,-4.2389120547018955,16.782365965802473,-4.821215901407406
2000-09-08,-16.946228833927318,-4.770351578580491,16.09036933969764,-3.7710349951084416
2000-09-09,-15.929903185896162,-4.535719990385525,16.85038554211018,-2.6329356306004357
2000-09-10,-13.950651725873097,-4.959383419223957,16.610393634200367,-0.6619810599790021
2000-09-11,-11.779640394741293,-6.261054289578431,15.881776668248122,-2.1497335536066853
2000-09-12,-8.586874521610817,-6.640872125259321,14.530623843296915,0.2736852450136795
2000-09-13,-8.851290954487636,-7.694761547300508,13.161968335776438,0.6825912366009921
2000-09-14,-7.626906785617827,-7.301488600190039,13.175980093839804,2.4640650551449825
2000-09-15,-6.9324114127067995,-8.70308929322794,15.012995240006036,2.4914201228044477
2000-09-16,-7.3472209475727155,-8.781829526213983,16.085247268885833,0.13139194631073448
2000-09-17,-8.138818938557211,-8.688422204375472,15.446117600712103,-1.1100637410287941
2000-09-18,-7.012770859490878,-10.230376028513755,16.23648424277328,-3.4250098795158963
2000-09-19,-7.06657978609469,-9.827068494661438,15.528336852346838,-2.5603031602222392
2000-09-20,-7.597689009881915,-10.008919619627871,17.89317733401363,-2.0647047755092403
2000-09-21,-6.485553298525232,-10.868706120643793,17.265691605981548,-1.593640539034327
2000-09-22,-4.744275143969599,-9.984898886773408,15.481307115832388,-2.50440447301772
2000-09-23,-4.11601759266497,-10.60209414033286,15.893137511786485,-2.322863957193271
2000-09-24,-3.7148240859757893,-11.985240493240173,16.116511586669464,-2.586627587953127
2000-09-25,-4.573964073995777,-11.664208789472552,15.650010051786081,-1.063306197009749
2000-09-26,-3.0805746857630307,-12.267093298059024,15.517050711300275,-0.48396355701900173
2000-09-27,-4.437276471558578,-10.89056311097636,15.576560717282005,-0.04884922287622606
2000-09-28,-2.17208361202568,-10.463479799858773,14.498758249556586,-1.0306554618703323
2000-09-29,-3.661589402306866,-12.353210867842028,15.48042299641902,-1.1184008248532826
2000-09-30,-2.76156651688267,-12.152500449075323,16.293173211529833,-0.719908588567223
2000-10-01,-1.6280975997856635,-12.165689379717975,17.01903226807671,-2.182142365943675
2000-10-02,-1.3208387315119787,-13.164337769752118,17.487354859091,-0.9257736675161969
2000-10-03,-1.0342318790827691,-13.908834327208934,16.752833505392655,-1.6104671509617219
2000-10-04,-0.8611776378532433,-14.174776459931557,15.615049201141321,-1.8561909646980155
2000-10-05,-1.8300789534038064,-14.879105356226024,15.745716453771477,-2.8092003828947973
2000-10-06,-2.9524272144688934,-13.41666424898541,17.783620502303197,-4.003288386357802
2000-10-07,-2.977285160951046,-13.250930708156458,18.63467413516937,-3.3841300199279027
2000-10-08,-3.95114216817231,-13.055613321992146,18.81773192482467,-3.0741272379311555
2000-10-09,-4.502146635253092,-12.640828996941483,18.755338708675943,-2.582253281386067
2000-10-10,-6.120643430671693,-12.176060831157107,18.691018090219668,-1.4166218822194403
2000-10-11,-6.439506558119923,-12.219033519960453,19.299062687749398,-0.2333737400373468
2000-10-12,-7.060675136954071,-11.862757478477876,19.91757245382188,-1.0911302844309096
2000-10-13,-6.891528043103824,-12.275391738400627,20.9687184579248,-0.4546091753125111
2000-10-14,-6.918993888673773,-13.808041076408253,23.695137567253195,-1.752109646448773
2000-10-15,-7.282365591963333,-13.319722285446261,24.818427288472087,-3.972776176468584
2000-10-16,-8.328678026728912,-13.56579214149627,24.91338477557697,-4.165984369380102
2000-10-17,-7.0332200421112425,-14.3152112345415,23.644615282497913,-4.094751753652658
2000-10-18,-7.865890642745385,-12.443648440268124,23.788973902020977,-5.390756462789573
2000-10-19,-9.132469880439201,-14.442794102243743,23.832572489346198,-6.1894387848645405
2000-10-20,-8.988109029155858,-14.418602809651293,22.459658911340536,-7.322452315865789
2000-10-21,-8.55836588048171,-16.796185979948742,21.653762473380436,-6.347005048933746
2000-10-22,-9.555894010764725,-16.285133104893536,22.539842108330703,-7.049642974152526
2000-10-23,-10.038880199993864,-17.740351192577677,23.83353952963134,-7.257322173841365
2000-10-24,-9.735375343772898,-16.082086957948935,23.43675232722642,-6.6642265019863265
2000-10-25,-9.737817633240498,-14.92962961696478,21.154732531207912,-6.67072931596287
2000-10-26,-8.610267335683767,-14.75402110567053,21.79522629286131,-7.2099579522903205
2000-10-27,-9.973512006417689,-14.141423343385316,21.811192308067017,-5.176023188489815
2000-10-28,-8.470537313510173,-16.107651352166304,24.062211537878603,-4.698353626221793
2000-10-29,-7.521916835904832,-17.694584061470024,24.11446042607939,-6.145691981749794
2000-10-30,-8.24859488753374,-16.585439552203916,23.149628322711962,-5.652248328673982
2000-10-31,-8.646564613857848,-16.600271194797852,24.689679418419047,-5.4728489887659775
2000-11-01,-9.187210238503873,-16.860008002152167,25.231447734526135,-5.023769760976683
2000-11-02,-9.967875723909112,-18.086129553981074,24.378368602146043,-4.4399443240391365
2000-11-03,-8.6567752075265,-18.14149816232195,23.794702352965043,-3.056674350027934
2000-11-04,-7.950064061873188,-19.941484631192832,24.137720895825943,-2.0266332448729942
2000-11-05,-6.352216263477904,-20.804049046118728,26.16280893959981,-3.529092022160893
2000-11-06,-7.198142351977288,-20.850346398119243,26.55118414207954,-3.231253891327913
2000-11-07,-8.319782768526096,-19.2051256081159,25.10209536403054,-0.9587911886531706
2000-11-08,-7.509135239943398,-19.443799979598715,25.301666257697466,-1.6793504969624222
2000-11-09,-8.169172721355348,-19.064000337779376,24.73077241679466,0.2088055194958094
2000-11-10,-9.176953496658445,-20.926650626443074,25.96654209547591,-0.4409858851352444
2000-11-11,-8.7580751264296,-19.794604706971022,26.164507775988437,-0.07605294923849004
2000-11-12,-7.543491086430689,-21.80109282979039,24.770707560277533,-0.22100286149178128
2000-11-13,-7.694500557126574,-22.04522261922468,25.14382591659293,-0.9509139299895512
2000-11-14,-5.079043465138474,-22.50388739531739,23.73665357130779,-0.805348699862671
2000-11-15,-4.3407411426480005,-21.99345356936832,24.91205124652853,0.6145522516094349
2000-11-16,-2.5815227358538495,-21.914424586256857,25.88724751916715,-0.7640485209089217
2000-11-17,-2.695014617752692,-22.15114070449599,24.51913920039275,-2.757533293949218
2000-11-18,-2.922264060482782,-19.89248476975503,24.908171148854127,-3.2370128641367026
2000-11-19,-2.1325989187746606,-20.063003596454283,24.541566416964145,-2.1347094600702805
2000-11-20,-0.9509676618596721,-19.37564310688481,24.80508906859475,-2.023985233283351
2000-11-21,-0.5468921915349949,-18.85930534307149,24.446217808146425,-2.146238315609218
2000-11-22,0.31010969533774857,-19.12442856912836,24.304598650022797,0.011224970461778394
2000-11-23,1.2251816015406156,-18.047820281297653,22.186195842134417,0.27607582703765005
2000-11-24,0.8019915896591265,-17.616707185444348,22.791119743290636,1.038347316759033
2000-11-25,0.7693964469237806,-16.780594856620006,23.822943971786284,1.4547785308799261
2000-11-26,1.7865981104713875,-17.97770898341431,22.873135883156017,0.8175564062153821
2000-11-27,1.1353800824818836,-17.29508339209659,22.265201827863873,-0.30784958370697557
2000-11-28,0.36573696677995204,-16.70569962914419,20.884744674052506,-1.1008028209705982
2000-11-29,0.1797138343445609,-16.734623394454122,21.21747070589472,-2.212405051043283
2000-11-30,0.9884844789765055,-17.77333594854101,22.34840927642342,-3.2965434377871974
2000-12-01,-0.2831857440054646,-19.763352996802887,22.446067116351255,-3.990909582717027
2000-12-02,1.0774753119740565,-20.122799894027615,22.64998143499751,-2.8284225959943177
2000-12-03,1.6199698020780042,-18.015679814715703,21.59748176456816,-2.7213560905472427
2000-12-04,2.3851601800409856,-17.226319149425308,22.87350046993524,-1.8623822275733093
2000-12-05,2.228143006343115,-16.631869024351833,22.330995092967584,0.8534509237183721
2000-12-06,3.749636998234589,-15.649383706192978,21.71175314189417,0.8910367168309116
2000-12-07,5.450708607849308,-15.521124384232456,21.6787001277436,1.847712037775548
2000-12-08,5.029559238872777,-16.39067527737235,21.5797385063049,1.342163349542162
2000-12-09,4.623007616843497,-16.680633798319043,21.85018414355571,2.161741839558733
2000-12-10,5.003567887411945,-16.591927357398838,20.199496190231997,2.759310771251922
2000-12-11,5.054377575778099,-17.85339298433768,18.339564348776847,3.4878957100928023
2000-12-12,5.103876345298668,-19.405615182374074,19.327336413880577,2.666760718302065
2000-12-13,7.017227166857785,-19.92760021979255,19.644064885588364,1.9856140188805398
2000-12-14,7.210747710671165,-20.56407312713432,21.330507254955812,1.718427260407524
2000-12-15,7.246638369671257,-21.36304624384582,23.022989670411857,0.9069160948147587
2000-12-16,8.68722238525816,-19.77465707583392,22.852345208704744,0.7567030383439362
2000-12-17,7.919506682246196,-20.44952713503931,23.449447792902873,-0.45761691596946363
2000-12-18,8.443818365476815,-20.48485236596968,21.925954100093172,-0.3345653712626453
2000-12-19,8.836441669342125,-22.760521703944555,20.283823512501264,-0.24577238776569238
2000-12-20,9.048698298482934,-21.509998876835233,20.205734540095744,-1.0631506837112654
2000-12-21,9.628168153228073,-22.136872317792882,19.23337399527537,0.5603050951104287
2000-12-22,10.477804431634517,-22.644422906215404,17.572329782081944,2.758161949345384
2000-12-23,11.36270060667523,-21.181472626329757,18.10955154182631,3.2435048473410686
2000-12-24,10.190085925425755,-21.479618400082384,19.290475684468802,5.726973727506874
2000-12-25,10.580959657962477,-20.655938155827606,19.232425192738692,7.512048098858194
2000-12-26,9.185353462347475,-22.167628296031285,17.611898656270533,8.79854192420523
2000-12-27,10.838472742263344,-22.46454214182489,17.21119787644039,9.180912727940754
2000-12-28,8.381263644482752,-24.94564508534762,16.01922903020003,6.971753368562933
2000-12-29,8.655821286815346,-27.208605983952953,16.47432297482359,6.889134941590639
2000-12-30,8.084266335399372,-25.951611328573325,15.485894990109173,7.7945018996318645
2000-12-31,9.013396229373129,-25.968049913120936,16.37812731430528,7.08445696213673
2001-01-01,8.63071515834885,-25.35671316748204,17.4156305922722,6.667177097713148
2001-01-02,8.840229833693018,-25.904981368354864,18.418907576198105,8.136695059751393
2001-01-03,6.539271049615365,-25.594345751565108,18.19134747324981,7.467313674458738
2001-01-04,5.846002312512294,-25.911093262259794,16.956623845422012,7.147658959613581
2001-01-05,7.943253511831248,-26.793136891833186,18.90821332996143,7.054350105114565
2001-01-06,6.647091084754277,-26.522950640324453,18.577517652930165,5.373734737115968
2001-01-07,6.665491988218137,-26.28398712796545,18.884258677178167,5.847535446812297
2001-01-08,6.711315686833734,-25.800012962245805,18.279697135595892,5.072047117202201
2001-01-09,6.727734672904238,-25.457184288615963,19.007967811700574,3.379872414939613
2001-01-10,5.315867071318992,-23.781762704340565,20.348208659856265,1.8589275146231952
2001-01-11,5.553031584526178,-25.46430488065287,19.655618049230988,1.4115619372096733
2001-01-12,6.091281082638364,-24.92734827380903,19.48886983406112,3.0224540451625437
2001-01-13,5.882173689305929,-24.463222328162242,20.97633337513529,2.84134368094134
2001-01-14,5.616696904950466,-24.237742469111147,21.507951621009756,2.685492787724932
2001-01-15,4.62900363026745,-25.94994940467519,22.015327051305047,2.861891375932809
2001-01-16,5.626015997027002,-24.195064910005122,22.398503403067448,4.059863526027804
2001-01-17,5.849784638551947,-23.197422196824142,21.922433018392326,3.867604379226316
2001-01-18,6.900189659539713,-24.608666211459486,22.59164199664417,1.8368938877359726
2001-01-19,5.094779464301304,-25.19589942086337,22.269180521886884,-0.09434847172910032
2001-01-20,6.641779947013237,-24.789636250601937,19.700866113804807,-0.9492898090118016
2001-01-21,6.1110591010908175,-25.757495880838203,19.469374990691477,-1.5602793964189348
2001-01-22,6.152824460120641,-25.886432850067063,18.326097810984486,-2.506659299496829
2001-01-23,7.031641151559668,-24.36836951835457,18.22591732830859,-2.3063609923850654
2001-01-24,7.994043823014491,-24.94300106926224,20.052621335515,-2.6187095267760725
2001-01-25,9.431047218695191,-27.052363121092633,19.72188913380236,-3.4683018368792204
2001-01-26,9.979014834286849,-28.198983556062768,19.31300788686656,-2.2778690009738813
2001-01-27,10.19973211994748,-27.771066750760422,19.319096727756346,-2.8464281212759177
2001-01-28,10.781471275328485,-27.81157166019023,19.51947766490221,-1.5413807866364717
2001-01-29,8.424172236822818,-26.568960284369066,20.636071092992605,-1.7176786719583896
2001-01-30,8.690569857414417,-27.184740470674814,19.598791698615926,-0.2137211516242079
2001-01-31,9.075939573597308,-26.101497182381937,19.3625172103795,-0.26180319098575666
2001-02-01,7.961382079627573,-25.862481321708145,19.090035936200152,-0.3843895519822271
2001-02-02,10.220829491766025,-26.076524455797614,19.85340187566772,-0.19679641960919098
2001-02-03,8.785209730945976,-24.84662626568144,21.681804207459518,-1.1904599900432673
2001-02-04,9.471881098926199,-22.799742439542467,22.066551955112296,-2.2173534454726327
2001-02-05,10.83174554624134,-23.004077396804096,23.65851718081639,-3.8026854680968905
2001-02-06,10.21894792734677,-24.290604599828402,22.861752242843508,-3.9136269174715546
2001-02-07,10.705606041686265,-23.563474821419405,21.677246160138452,-0.9482925497678476
2001-02-08,12.504560612677107,-23.89560107002832,21.396877514602966,-1.525069096766747
2001-02-09,12.190734375654609,-24.59216023897904,21.508334196545494,-0.9985000754214564
2001-02-10,12.36445184583492,-25.07288123656941,21.1914748526668,0.32031696325840864
2001-02-11,12.07286056050075,-24.40188143170501,22.649298780604635,-0.17974579002651014
2001-02-12,9.773687537048849,-25.23276444369328,23.139961422421802,0.4489810047457713
2001-02-13,9.251213117348975,-25.444625987955398,22.45955907383308,1.278685270601314
2001-02-14,9.391762186901264,-27.175383676727616,21.32736008666864,1.5198496598059876
2001-02-15,8.795335225188099,-27.147659602953794,22.86959288613318,3.2245640309700487
2001-02-16,8.041590914086571,-26.702571377792125,22.89805986599751,3.9589092104133217
2001-02-17,7.223965297655418,-28.007049939398073,23.996364260488637,3.818577968975412
2001-02-18,8.234108659145015,-29.023319523324947,23.916631962957354,2.290662473804878
2001-02-19,9.015240127173072,-29.6769300898329,26.40239487443573,3.1812922154869487
2001-02-20,8.456852325874799,-27.438907455466797,27.612742574046006,1.6753593324070148
2001-02-21,8.718507392499443,-27.498710383575744,28.09704804687708,2.1830380830332516
2001-02-22,9.585990098192758,-26.581985270118622,28.831679121256613,2.390728870347283
2001-02-23,9.236748959210537,-27.814211457399463,29.050067261163775,1.0227019607624754
2001-02-24,7.9738534727065105,-27.816824536439604,29.18034764730069,0.49319486613429864
2001-02-25,9.238716545474814,-27.80862337965339,30.34819212816204,0.47752469294941774
2001-02-26,9.41843808242605,-28.91792433980047,30.3982334629181,-0.007724044144006348
2001-02-27,7.628905896914715,-28.445952077369252,30.66765832783606,1.0560663198898552
2001-02-28,6.63401984012901,-29.135318105924817,32.448469968860095,-0.6342804284795085
2001-03-01,7.348473956254581,-27.383417631630046,34.00765937656213,-1.7040608124940713
2001-03-02,7.3265101006413325,-26.953701062669875,34.20851202014812,-2.681078565179293
2001-03-03,7.17604802466113,-27.270423301564712,34.40901806166787,-2.820979361660398
2001-03-04,6.284273505316412,-28.005645188861184,33.49458874330527,-2.9612127827927766
2001-03-05,5.1185557938695965,-26.099413117740248,31.83097294205279,-1.9878713693340884
2001-03-06,3.4362386962273193,-24.632974117751925,32.23585491485044,-3.4284195510356907
2001-03-07,1.76987962096054,-24.344576291101937,32.285842348220086,-1.555651370944891
2001-03-08,2.480987655481836,-23.88626153155331,32.28013323385473,-2.370847831567439
2001-03-09,3.840749454814176,-22.841765659907253,31.86512504581867,-1.3521641896603611
2001-03-10,4.153105439701038,-21.79137342974416,32.03407965800468,-1.8497971407434677
2001-03-11,4.3890450461376895,-21.77463959167822,31.452945636046515,-2.8971471404212705
2001-03-12,4.2478127277326205,-20.718867324974322,31.692476758687178,-1.0675845367808972
2001-03-13,2.337257510111175,-20.89294437968074,31.710002793279113,0.45531038417839076
2001-03-14,1.9082197460449177,-20.612974578960625,33.18551169506495,1.4893180017711736
2001-03-15,0.013476180740314758,-20.727508782175438,33.5262624973632,2.1362000913773347
2001-03-16,0.3839608381890538,-21.378228903186237,32.32498072778997,1.149038043385528
2001-03-17,-0.345389985524151,-19.88148716827544,32.8698042353015,1.3543764138356273
2001-03-18,1.5427980092255287,-19.04947505183709,33.210893666713524,1.465899055720688
2001-03-19,-0.7260530152638882,-18.347233364283365,33.76166154328989,1.3455658131132966
2001-03-20,1.18255432289657,-18.864533961904304,33.46948845068548,1.033740165712868
2001-03-21,-1.1774928054657492,-19.62630247572562,33.61222167878347,2.6821419455911064
2001-03-22,-0.5487071477443844,-19.426767217866104,32.494599431333775,2.958360717248973
2001-03-23,-0.9243996862776833,-19.314958430684104,31.26583958387711,1.452472510358798
2001-03-24,-0.5190778610262106,-19.189168889913994,30.589012571385698,1.2516739429488122
2001-03-25,-1.1167397379436208,-19.37946477070898,30.415712992583803,2.0381176003071984
2001-03-26,-1.4150300114186614,-18.592598852154957,29.325020232866706,2.4903967295123524
2001-03-27,-1.4869337679335761,-19.752758943982823,28.35840772611006,2.775528717048519
2001-03-28,-2.2345555437241815,-20.999892579503893,29.385216623153518,2.8123054006638823
2001-03-29,-1.9794851070091553,-22.872064489286622,28.95988915512692,2.716430050373237
2001-03-30,-0.438013505436595,-21.830688884662514,30.33296667852152,1.695340059734008
2001-03-31,-1.965441743561662,-21.505574923081696,31.61634007808494,2.660279479110647
2001-04-01,-0.7019076717264559,-23.332834130180316,30.593714903266754,1.4369250618577094
2001-04-02,-0.38437154205916657,-23.05145641486578,30.03832083043501,1.751768065299077
2001-04-03,-0.21228248025473986,-23.314477087225708,29.512587847516194,1.9980703349809859
2001-04-04,-0.9827567210894966,-22.67449692859277,29.44815493190551,2.3146194515619714
2001-04-05,-2.602753668167438,-21.623338699057463,29.381099527229388,1.9167268772899537
2001-04-06,-3.7456073809811734,-21.830835330844216,29.631327895465255,1.906305947598512
2001-04-07,-3.1142054674422086,-20.50263983140888,30.364387070367826,2.523456466378059
2001-04-08,-1.32380650699816,-20.55917474811522,30.751449044756992,3.107473005242154
2001-04-09,-1.5350480603794474,-20.34223559670982,30.624740939235426,3.330774769958421
2001-04-10,-2.317454225884435,-20.86595020883518,29.982211582610013,1.5552701451111506
2001-04-11,-2.9969136418428537,-18.89668854359933,29.09741145301978,1.8678715723130863
2001-04-12,-5.390451780369146,-20.099585827550005,28.612314147352702,2.1539542667814966
2001-04-13,-5.96434086207501,-20.16333346043816,28.572231233846196,2.0379051513291144
2001-04-14,-5.951857170429524,-17.3340273861998,29.583313737407508,2.531109336520261
2001-04-15,-5.488673367462182,-17.892365952008248,29.73693084166633,2.674608388291296
2001-04-16,-5.7255169510664,-18.801035282769945,29.8933235007936,3.404782245025328
2001-04-17,-4.738628803661334,-19.720971451042384,28.98063390098248,2.59850913978432
2001-04-18,-4.57590223398168,-21.222663694457378,28.62074909472375,3.2655642203690842
2001-04-19,-4.117384602653784,-22.003803980570474,28.646681192110396,3.188966686364234
2001-04-20,-4.372024328487368,-21.39167954113183,30.155976096407894,4.0300260888115575
2001-04-21,-5.086229094019185,-20.608323297963913,29.74208190937885,4.466715361644648
2001-04-22,-4.978280397963515,-20.36807205924084,30.165777173043146,5.24874493753965
2001-04-23,-6.521364003090299,-19.721108430494528,29.30058381942251,5.866986272629146
2001-04-24,-5.897989118206494,-20.012862959086362,28.398927758920674,5.594213640615772
2001-04-25,-5.7312905267060135,-18.682165915588136,27.534518485419362,5.298840400322589
2001-04-26,-7.024037694878062,-19.336489970493208,28.197362791454992,5.821103477797002
2001-04-27,-4.424492356838704,-20.05131562570134,27.954194297004232,5.959130270631302
2001-04-28,-4.502769216211104,-19.979646822357534,27.531309551906013,5.782550556838566
2001-04-29,-4.061893803648172,-20.051489081776303,29.033755332112896,5.148893724599627
2001-04-30,-3.288801005271332,-20.961503429106326,27.754078810691848,1.8461329635898127
2001-05-01,-3.978193692385884,-20.696778409840874,27.371586717031153,3.1477012514420712
2001-05-02,-5.055979585388634,-21.739429514006787,27.940021343269414,3.067728074538756
2001-05-03,-7.762858344728162,-21.010836088734173,28.32511671822342,1.8125816393332668
2001-05-04,-7.477463315743463,-21.268864801907373,28.700016815724886,2.397894001801666
2001-05-05,-6.88054366013818,-23.50989804000751,28.132958028464504,2.8793754239214664
2001-05-06,-5.890665600797877,-22.78047904073347,28.17874927168216,2.1932948152433687
2001-05-07,-5.323573166390078,-22.09145648405624,29.583087122645484,3.123249680848158
2001-05-08,-4.983552351383048,-21.410766886514867,28.51682601613175,3.2502550435464586
2001-05-09,-3.7877206204796616,-20.728888220001625,27.56353682380203,1.9593469021308787
2001-05-10,-4.368985707488615,-21.431763948062105,27.924752839037236,-0.15896520115582935
2001-05-11,-3.324317497101444,-20.647971335926936,29.38670392886362,0.5800743921726892
2001-05-12,-3.81879539964198,-20.912954046593338,29.864727452230703,-1.0893339741609545
2001-05-13,-3.8992204093054337,-20.92964608854903,30.58501565793408,-0.26335118074604813
2001-05-14,-4.782036855072899,-21.754380736895445,29.27482099787617,0.35804356933103076
2001-05-15,-4.705796464170472,-22.967975539485114,29.47856244573096,2.1049826400323775
2001-05-16,-4.747799513233948,-21.6463052752011,29.982814558361746,2.7832105984837714
2001-05-17,-6.081569687793215,-21.886786353525714,29.975375444771924,3.288086346286305
2001-05-18,-7.641446229075285,-22.529342204318326,29.0840794411002,2.8527643690444755
2001-05-19,-8.112624072386664,-21.637999803334246,29.275963439964467,3.5625619130731514
2001-05-20,-7.421573885839681,-20.770451584739043,30.302555488111718,3.8757807849142036
2001-05-21,-9.074502818883309,-19.739210826100383,29.95732122092052,3.6893129897598995
2001-05-22,-9.063343922179829,-19.477118245685254,27.425360465335974,3.8196780661538843
2001-05-23,-8.47597902707403,-20.45460800088094,27.382571750525976,2.655609461825148
2001-05-24,-9.039439520870378,-20.97369717973861,28.022918065919917,2.544226805627303
2001-05-25,-7.1897735671002465,-21.107801910983394,29.449418825995178,2.3953002181900764
2001-05-26,-7.303374731053526,-21.84345444099893,29.087691718717753,1.3870054094150792
2001-05-27,-8.252963535540589,-22.421729261671093,28.596952155341395,2.286541840391122
2001-05-28,-8.733096268271575,-23.660812550305025,29.669139359159907,1.9284958129666367
2001-05-29,-7.033500431920393,-22.069863174949585,28.033482064678847,2.7958800169383147
2001-05-30,-8.22256099577459,-21.96399849340873,29.584329699904078,1.7829727790916712
2001-05-31,-9.057168025467005,-22.330231410204313,29.411972038618174,2.8161525365540863
2001-06-01,-9.002146236537522,-24.52673249807713,29.290688427075107,2.899032809671935
2001-06-02,-8.711515097910482,-25.249762815493852,28.771766493789524,3.4387401674094766
2001-06-03,-8.465536955420385,-25.971301752232904,28.165012179631983,2.971405126281331
2001-06-04,-8.651744775471395,-26.82981620487333,28.338529898657786,3.2131781138629907
2001-06-05,-8.219526770677886,-26.05503275535289,27.022416557348855,2.9026340324311
2001-06-06,-5.770502253839092,-26.383941433929017,26.79761767387918,4.195659994345844
2001-06-07,-5.710123572631108,-27.110865105664693,25.898864104354633,4.281512388529199
2001-06-08,-3.535456478403451,-29.465589054367626,26.39383513485896,4.061068501995932
2001-06-09,-4.132881130864257,-30.294430408474216,27.56414912118403,3.807377986804188
2001-06-10,-5.847439389575965,-29.500749182712937,28.29301910479711,3.2235988594261547
2001-06-11,-6.93621336512734,-28.40500623270771,25.781486257991517,1.4677196501017773
2001-06-12,-8.615780150180688,-27.064726779170634,25.517892104114942,3.6097015262501335
2001-06-13,-8.107154908526399,-28.00174548846372,24.917049622974098,3.65825559162408
2001-06-14,-7.9657524155792645,-26.632917577660518,24.294680741123585,3.704588041630321
2001-06-15,-6.789593698705707,-28.106465340772036,24.32021857510623,4.444581754034059
2001-06-16,-6.534778657120944,-30.18053987553511,24.825466501055384,4.651732760983846
2001-06-17,-8.22461761217078,-30.171741918154726,25.765718448184632,4.773389500101406
2001-06-18,-9.898308649026195,-30.40112909411848,27.348719721058938,3.867429756987706
2001-06-19,-8.912834030231128,-31.315991929958034,26.629454979415122,2.9470412160613435
2001-06-20,-7.844085249068291,-33.1463869754167,25.00945000931727,3.470303824688856
2001-06-21,-9.729027823608828,-35.097822863499786,26.65862516245405,4.86135607775481
2001-06-22,-9.185904754323225,-33.52194820915387,27.793063605048815,4.157964965014709
2001-06-23,-9.017425815988457,-33.72363386216452,27.56429066612654,3.181755553861157
2001-06-24,-8.301025545774028,-35.177359440401275,28.36653050982803,2.384859525573815
2001-06-25,-7.49761739138497,-36.73276836364426,27.719081592599302,2.374191916463228
2001-06-26,-5.52159536115818,-34.89441171587324,27.48726362982095,2.3849438188522467
2001-06-27,-5.3125272168234465,-35.002769207983306,25.854158951276982,1.6012874181781678
2001-06-28,-5.61747975568794,-34.187869271385765,26.38892144151162,1.6952459238914637
2001-06-29,-6.834615693904219,-33.80177877354476,26.147265193835565,2.7850463197573063
2001-06-30,-7.547713008134494,-33.68560302313179,25.887142335392486,2.870661692230988
2001-07-01,-8.269269447083104,-33.72368082788902,27.431758561226054,3.0083860249538317
2001-07-02,-6.24104119179723,-35.44016341867313,27.191178433156495,2.619688025258491
2001-07-03,-7.53001880454827,-35.557441813871286,26.62513553336969,2.686060462256412
2001-07-04,-8.229723890357759,-35.613578185946444,26.568656479637916,2.389693832777199
2001-07-05,-8.012599950233188,-34.92234511028593,26.75578309278598,2.577963137153457
2001-07-06,-8.880497532070244,-34.586355919577606,27.44095406822498,1.8220465362762552
2001-07-07,-9.847695488400928,-34.44620051674796,26.612874475238907,0.891619182663835
2001-07-08,-7.855573773716771,-34.20020665410203,25.798239461452848,-0.36420431054640934
2001-07-09,-6.500350491396812,-34.16724821178649,25.354611343402638,-1.2670921148159295
2001-07-10,-5.83716842724144,-33.55812192688521,25.260012076997672,-1.6128482624829785
2001-07-11,-5.725865661822598,-34.15606171322581,26.09969110994924,-1.6822158630127786
2001-07-12,-6.322238864817251,-35.51458557381203,24.38296755028239,-2.7927764413158718
2001-07-13,-6.757844077502363,-35.0478723255774,23.99781957695797,-3.0068875628744225
2001-07-14,-6.709988848564651,-36.42268957613633,24.105369075534426,-3.9936217757172967
2001-07-15,-6.092711761203893,-36.66316311123693,22.480661487167435,-4.473186292161883
2001-07-16,-5.395900303334849,-38.47995350441763,21.750163407013712,-6.077267994884848
2001-07-17,-4.288149216259548,-39.11911923356277,22.271710682029852,-6.6540926229919215
2001-07-18,-4.222501218691812,-39.140781481118644,23.630984808895203,-4.218084726754899
2001-07-19,-2.47624974369903,-38.473959708859454,23.8513107858472,-3.288775012715582
2001-07-20,-3.0672132325055457,-38.11951388515136,24.42937788507536,-1.3225725818795961
2001-07-21,-4.88625757281711,-38.8968542981975,24.73492273602881,-1.0731919168608846
2001-07-22,-3.6470898265247023,-39.60184367374431,24.179038462372414,-1.147613599213031
2001-07-23,-3.6952999450184123,-38.741103188369905,24.327992230081097,-0.11614624140761642
2001-07-24,-3.5253470420819055,-38.04026440894886,25.02995762026838,1.1397364138665511
2001-07-25,-5.06800601325424,-36.79630047644614,24.79510677923016,1.0441679567627828
2001-07-26,-3.9141261250710038,-36.5334346636102,24.235711714699146,1.2762470897281433
2001-07-27,-3.301005361617756,-35.14448849775669,25.135433778081094,2.474054827258218
2001-07-28,-4.363093033448779,-36.12107094662408,22.73439077578668,3.6875562828012307
2001-07-29,-2.134963630177664,-38.61094858744864,22.84964155074698,5.20550470050592
2001-07-30,-0.1443071314586557,-40.05474673685576,22.61569641546158,4.386576883632771
2001-07-31,1.9895183516397743,-38.92698368463879,20.976427431424217,5.148347009564367
2001-08-01,0.9694302087785331,-39.115924337618814,20.46949629406256,4.459351948507321
2001-08-02,1.5469198833392657,-39.76347858543369,22.028729304712762,5.284505655923449
2001-08-03,1.979028852126034,-39.54959726200701,19.85979208681971,5.00655192193336
2001-08-04,3.052850363572319,-40.64478248713352,19.241809215113246,6.278787844466273
2001-08-05,2.0371662694959083,-40.25354798511179,18.149856215619913,7.632146154086329
2001-08-06,1.624941841852654,-40.87992546847787,17.15458758716921,5.744864668387855
2001-08-07,2.4268168927086657,-39.77697330839868,17.196486765730864,4.160966236470984
2001-08-08,2.3037542776454734,-39.98310721709216,17.52775698990463,3.3094767648662526
2001-08-09,3.2464464820213905,-40.167578865841925,18.08042810594886,3.0098586625571433
2001-08-10,2.562770758877261,-40.9656162248172,16.93722299174664,4.5580525973697235
2001-08-11,3.033229576953486,-40.43637606688917,16.348263150919927,5.6140952999771265
2001-08-12,3.4559784325126612,-40.23862760352622,17.75628504105657,6.919628901971901
2001-08-13,3.7295649592956055,-40.963268996950355,18.948552867944343,6.382761184955932
2001-08-14,3.8777499667369435,-41.239435727493905,18.51838362239546,5.348393212680005
2001-08-15,5.5892304143187275,-40.80158060853717,18.37918505186224,4.5748130300633525
2001-08-16,7.2420651472808135,-39.92610914334247,18.929811346722644,4.678939743175069
2001-08-17,6.388244283774791,-39.25670045639479,20.15758313774419,5.189914483435683
2001-08-18,5.890676701371424,-39.299540759056846,21.675028539333667,6.221896909569601
2001-08-19,5.899591078714509,-38.26983877381889,24.038247413732048,6.186545395362088
2001-08-20,8.009010337673633,-38.02777247561308,23.357551369787014,6.138904468457058
2001-08-21,8.702036996343146,-39.12937699421116,23.883383932047266,6.225681458652187
2001-08-22,10.54377337236271,-39.39787637636049,23.001803725190314,3.7386852271354756
2001-08-23,11.041474335874131,-39.20178353609784,24.173036565577483,3.9246263425969405
2001-08-24,8.967792436453946,-37.93918313167722,23.488486269477356,4.151407194939422
2001-08-25,8.286756516302495,-37.89178327402487,23.51244144024212,5.684666466198816
2001-08-26,7.264661891226259,-38.8401532558663,21.894439863272915,5.23470377562978
2001-08-27,5.62257782840897,-39.20529178683313,21.70895000347991,5.663267987644128
2001-08-28,4.895848801631196,-36.98451893846622,23.45693533897592,5.352253378228292
2001-08-29,5.171940526927156,-35.57612616348707,21.961870180938696,4.411104712480713
2001-08-30,5.031901394652565,-37.02316256693128,20.381346324307735,4.834802862957684
2001-08-31,5.695128791646895,-35.27933350774013,21.31297632211756,4.613543999065258
2001-09-01,5.644582167770554,-35.684743601579534,20.74668040216463,3.575661954731957
2001-09-02,3.930503360149162,-33.91420029839256,21.278159129998702,4.010490803673608
2001-09-03,2.664683266721997,-34.118973848471896,21.583012919540792,3.690870032850065
2001-09-04,3.159792727535474,-34.04173075769376,22.368298343802635,2.471203871260012
2001-09-05,2.966989593035998,-35.99832459223,22.759287007602833,1.7272362627094904
2001-09-06,3.856554879909165,-36.154758892236174,21.903804536799385,2.692425631904909
2001-09-07,3.6428344044402574,-35.28653307617599,22.074334196684124,3.4524790464994553
2001-09-08,2.639297816943526,-34.84563911907493,20.097691781821712,2.2002730863449997
2001-09-09,2.483298698152505,-35.162304507510285,19.001910279729127,3.0357838647144506
2001-09-10,2.717832059632027,-34.55934767726401,18.832436888037275,1.3890843603651504
2001-09-11,3.172420907483782,-34.509850413667415,18.485930446230125,0.3460188686885395
2001-09-12,3.9657638031032207,-33.710853703914985,17.24465891895616,1.0163685666681033
2001-09-13,3.890893562440588,-32.81409955470095,15.320706206629923,2.476574222460128
2001-09-14,4.087444496149412,-33.254880604938826,15.366108775586556,3.707768269412667
2001-09-15,4.063738624551442,-32.60616532111173,13.952369260081822,5.011087770682057
2001-09-16,3.2652223454591427,-31.149101440936935,11.71233388262048,5.260019769823153
2001-09-17,2.3573662757296563,-30.82621800916666,13.21491683917683,4.990539629118079
2001-09-18,2.3253661554513605,-30.333944445672525,13.070593086996022,4.252665454450041
2001-09-19,3.464858388636501,-31.616944607069705,12.261650437279311,3.514804842229859
2001-09-20,2.4588779076121616,-31.909558707202823,13.341777107708856,5.105801587330043
2001-09-21,0.9810611306749883,-31.277179994737892,14.217338465723069,5.566203485293048
2001-09-22,0.16400961294327598,-30.79631687706259,14.470947943762228,4.702707451183848
2001-09-23,0.833108734184956,-29.192136982934787,14.784808675004172,4.7303592468397
2001-09-24,0.049474713510341495,-29.651410858123523,14.262744106410281,4.195690138155173
2001-09-25,1.8056861664042625,-28.966681877516162,13.175910129102908,4.275557421663008
2001-09-26,1.5944052326950224,-27.4025876832961,13.105863549370573,5.343057118355327
2001-09-27,1.6224540061863466,-26.966435330258008,12.96992527498508,6.432479610008633
2001-09-28,0.975968957749084,-27.193225334390164,14.704707779277337,6.818558074814184
2001-09-29,-1.3558760541150323,-27.108526890710397,14.236012994916415,5.791088613736002
2001-09-30,-1.0970787585153432,-27.28916072946945,13.940424421998781,7.189908945493135
2001-10-01,0.007008207084958196,-27.105192637575634,12.688671201706839,7.122338716014852
2001-10-02,0.02712403191468995,-27.370355263604896,12.375964762346102,8.433575138560355
2001-10-03,1.1067257156866348,-27.783803691526114,11.646770846531043,8.516085927468131
2001-10-04,-0.4118200520317459,-27.915780682999632,12.84504400109758,8.45925542846812
2001-10-05,-0.5444204225082302,-27.65746594314099,13.794871432093432,7.288253142379265
2001-10-06,-0.9136969179803667,-27.906822866793288,13.81085829881243,8.573452413044594
2001-10-07,-0.8501764505348094,-26.71136978329627,13.074581653463017,9.075961537838099
2001-10-08,-1.9960626482931443,-27.19381543617647,12.397916787719527,9.204178614596925
2001-10-09,-4.33623723018263,-26.42769427869391,13.547820741248605,9.96361181410883
2001-10-10,-4.621001880768242,-27.166285298858277,13.589186337943215,11.994646832532947
2001-10-11,-3.8362123524097758,-27.55340135842913,14.091939957451432,13.418457466815752
2001-10-12,-4.364831180180286,-28.20437074288493,15.55446077639566,11.744600925991989
2001-10-13,-3.835193540679167,-28.440004038350196,17.387236629511268,12.00455210845901
2001-10-14,-4.276385386242428,-28.02411138178804,17.195858580101255,13.126629516223792
2001-10-15,-3.085718469179116,-27.599876368484487,17.557303982456027,13.393261276336922
2001-10-16,-2.3855444792448024,-27.827458624334255,16.62238057407177,13.88270135274593
2001-10-17,-3.7643873410988418,-28.556832553375152,18.28588782371141,13.628229321382276
2001-10-18,-4.561625952374207,-29.334025706475817,16.52963073675125,15.18008460823198
2001-10-19,-4.86311880396311,-29.118709038981635,16.192316799798245,13.798111107402322
2001-10-20,-5.043364224056595,-30.93222502761963,14.492148147789532,14.289989929365415
2001-10-21,-4.170147532030944,-31.369331797302742,13.007603095025308,14.762673463981017
2001-10-22,-3.5224614328375408,-31.741722203690763,14.83260169891788,16.285109252831695
2001-10-23,-2.4529718655053587,-29.88561858642406,13.92738412219979,15.765998536274347
2001-10-24,0.04556386902769827,-30.56723014349547,12.926126562875073,14.568051687759377
2001-10-25,-1.7401827577144782,-32.90113082889412,12.843563472220028,13.661905640520356
2001-10-26,-3.135389765723228,-33.88229255787608,12.613601735397708,15.799844036659032
2001-10-27,-2.677287937415583,-35.87033012590144,12.074216339198546,16.442997263615162
2001-10-28,-2.5826942469459855,-35.8756483211712,9.489262979303312,16.036539439300576
2001-10-29,-2.543461618756469,-33.477927780373655,9.49581282946997,16.05807087941798
2001-10-30,-0.9327826490633713,-34.00679672913004,8.901918913918944,15.34788601295224
2001-10-31,0.6913184240306276,-34.035046831428886,9.68721619779554,16.446051775561372
2001-11-01,0.953764935405873,-34.4966351421158,10.996882014701995,16.131788218744756
2001-11-02,-0.15841310753622717,-33.773051508663706,10.684119543962689,15.587668869780257
2001-11-03,1.096776187185023,-34.665861085825114,9.257093288891772,16.60256450990233
2001-11-04,1.5051249154965956,-35.68896947626531,7.7362465301107814,16.002025036166444
2001-11-05,0.7249044520829347,-35.786555983696445,6.933117824606473,15.345383942069079
2001-11-06,-0.06363384002253447,-36.45974559412418,8.48977610439456,16.663230814716172
2001-11-07,-0.5957599137666043,-37.25563462593002,10.825220841408578,16.210979368197748
2001-11-08,-0.6876121434380842,-38.57325284093869,11.993426244471605,14.857427418771538
2001-11-09,-1.3257644022845056,-35.63100436536655,11.201143397935402,13.714906746789566
2001-11-10,-0.11507108965421686,-36.31333541474733,13.414527687649723,14.744619605232407
2001-11-11,-1.3127964202661968,-36.26978911571289,13.224837000507991,15.350716197306648
2001-11-12,1.0416684457200935,-35.416415439326215,12.861271897249097,18.394494847582255
2001-11-13,1.3822277209222593,-34.86282584035184,13.156775696396917,19.37841213079953
2001-11-14,0.595557490081876,-34.61685197876933,12.180816672037192,18.52634436299923
2001-11-15,0.6045446503563614,-32.37750478974108,10.567901702864138,19.56788468727093
2001-11-16,1.2064602416844625,-32.18488115762293,11.09972182818691,19.400782171024094
2001-11-17,0.3847782535252636,-31.59750031583819,11.373517442808696,18.410916713223834
2001-11-18,-1.4325865202084311,-33.096414041501035,14.268532384930923,17.752287833525738
2001-11-19,-2.3583745876781537,-32.82244868105634,15.10919324232916,17.093112649254056
2001-11-20,-0.8600052352082075,-34.05715810539413,14.215851337752513,15.744613984786538
2001-11-21,0.6179374945347151,-34.28670895751353,13.783124632241666,16.43261842343931
2001-11-22,0.7967472357254827,-33.65123930104642,13.564111241799191,17.483594563982898
2001-11-23,-0.6704136083228377,-33.19408360444762,13.383625339201174,15.942664727590925
2001-11-24,0.3697383710504437,-33.452848377487335,13.095421322621691,16.561998670794623
2001-11-25,1.2212929520558111,-34.070067254894575,14.051440256848858,16.421244982002076
2001-11-26,0.6860123966564841,-32.72126586165619,14.797769060271413,18.10121266506105
2001-11-27,1.355312481236298,-32.207524693356284,16.116240521494095,17.43956563920498
2001-11-28,2.137256221280578,-32.20165491298709,14.698169855099122,17.577026815557353
2001-11-29,0.8265584210644916,-32.690884119233395,14.258859430396171,16.796383414262156
2001-11-30,1.5191318482236442,-31.68361359899122,14.290613259338329,18.553483539106868
2001-12-01,4.605143531924748,-32.741048807874705,13.491673956265618,18.948026073908768
2001-12-02,5.6991520074072195,-33.243634267421626,13.690117441567399,18.2500000737681
2001-12-03,5.880127996453458,-31.500200714882567,14.367521535592427,20.059980654598856
2001-12-04,5.208611232982205,-30.936088588730254,14.386157655707635,19.73804350688297
2001-12-05,5.536237861404773,-29.81202730851935,16.03132120804872,21.598727869172375
2001-12-06,5.5572785672517275,-30.54546188289109,16.22499375070188,23.13294003395183
2001-12-07,3.6998908710887157,-29.97115732757299,14.97506233642542,22.77595252968487
2001-12-08,3.596141670718259,-30.796337630916128,15.64669698724525,20.91985837690951
2001-12-09,5.130434550796277,-29.55858472227877,17.144646453876366,20.551793328672538
2001-12-10,5.624903997980226,-29.85005968037774,16.58248834019232,20.293409741147673
2001-12-11,5.240688153369782,-29.469915868681696,16.41681829070895,20.723049909842622
2001-12-12,5.547309893724072,-28.005279738282052,16.625132694150267,21.294167334274963
2001-12-13,5.917386233908259,-28.081546506560834,16.44928779055728,21.640028554376308
2001-12-14,5.651361584018453,-27.236034896559342,18.43950044961593,22.127636782478362
2001-12-15,6.456907636853716,-28.77526737007873,19.5825779491366,23.09213109414236
2001-12-16,6.384968070018692,-27.75120016326157,18.723328075531334,22.315304771112018
2001-12-17,6.120780226387333,-25.769442849213142,18.353627596586726,20.439006737697017
2001-12-18,5.853255851619574,-26.21153769484506,18.455842946302212,18.471703732080638
2001-12-19,5.908231885961806,-26.666528312108817,19.87973946373205,18.055044972836413
2001-12-20,4.170605170908013,-26.864008956698008,18.85390025176571,17.601915635227137
2001-12-21,4.867705925994827,-28.811624090675696,19.151862095901027,17.65340243552597
2001-12-22,5.910492887256073,-28.33903910547917,18.072113210555145,16.248823653306715
2001-12-23,5.8846226884407224,-29.7158557458123,17.218892393154594,14.626334879508091
2001-12-24,5.725370116828848,-29.966203005705232,16.929116732535192,14.096637058189465
2001-12-25,5.161467462896287,-30.16945661158762,16.66974485461185,16.557044042376177
2001-12-26,4.736543179200235,-29.17140631568203,15.357213132647628,16.740799904725176
2001-12-27,5.588895618957711,-30.029279901718375,14.847493976120905,16.307134776528297
2001-12-28,6.281468050447152,-30.0453488072109,13.800022426210719,16.731785115485682
2001-12-29,6.933967550921562,-30.551342579634326,14.065006841709367,17.06006387563331
2001-12-30,6.727123760336504,-30.57503267977747,14.359895273763446,17.648560521306663
2001-12-31,7.099428003803965,-30.45534875235513,15.794692311356316,17.551452114448804
2002-01-01,8.37061467543986,-29.92848170568533,14.882244214887947,18.208185124629882
2002-01-02,8.702739665571764,-31.12410694088807,13.255574420493026,17.509584947371422
2002-01-03,8.584627680813401,-31.468479659805286,13.453601083597432,17.642661255372353
2002-01-04,8.51971124231685,-31.789021316989643,12.413672736461136,16.88076847936868
2002-01-05,8.586157207705787,-31.870386117164,13.431705859400342,17.217713044272635
2002-01-06,8.951160490380666,-32.21785647912503,15.201754992826737,18.1488115793315
2002-01-07,8.5135046635616,-33.07903050600255,15.198772398541598,19.274768347198123
2002-01-08,9.739962981590633,-33.996637033515434,14.283443475017773,20.88406191183288
2002-01-09,10.246251058576995,-33.35778165007362,15.321702729026345,21.827441601733693
2002-01-10,10.504011937773795,-34.641966655681514,16.85227582603416,22.633490489275566
2002-01-11,8.951048556236696,-34.30694572130788,16.380492303636707,22.02505603784864
2002-01-12,10.14132949482846,-34.36835257416649,15.762671244417724,22.67988710566149
2002-01-13,10.097565310637563,-34.331272226722156,14.009200543500437,23.08514736030034
2002-01-14,10.396126765954381,-35.298997860825835,12.86607927940302,23.59463446683301
2002-01-15,8.438175101474819,-35.52997636114802,13.094285901775315,21.597982326985857
2002-01-16,9.972863910055619,-38.043124743867004,12.392486633057985,22.584271509878864
2002-01-17,10.674804944706725,-37.874227875661944,10.435837951153237,21.479194795241106
2002-01-18,10.219724333554954,-37.620294760306095,9.032200800429424,22.06293768052975
2002-01-19,11.138796260024357,-39.094763460570334,8.833250575350934,22.767389163920992
2002-01-20,12.198832891864757,-39.23806805104726,9.994425726355523,21.8992707148339
2002-01-21,12.342703762256441,-40.83078585286893,9.184716245049525,23.32011285229663
2002-01-22,12.534151127771743,-41.60719007653853,8.22949775803223,21.11909191785667
2002-01-23,12.592785459217714,-42.36256430455191,9.436056198356749,21.343379740921293
2002-01-24,12.212137411270083,-43.58263170723406,9.625807062786418,20.5383116290192
2002-01-25,13.027198952815231,-41.691045213645296,9.591381685675735,22.070661140797
2002-01-26,12.20075120984963,-41.65273555484935,9.666366192033003,22.617785878962035
2002-01-27,12.282809801131233,-41.68631743182405,9.200553685404731,22.9630004713022
2002-01-28,9.893089948203288,-42.86988099619615,7.810471268667122,23.929931549161132
2002-01-29,11.16404594344067,-44.322048741094,7.953549898359164,24.377688610194337
2002-01-30,11.025126686032062,-44.2366874249937,7.917567647029816,23.4948037538198
2002-01-31,12.350649964775378,-42.40132087233644,7.53362321471124,22.853528455337614
2002-02-01,13.037360228966012,-41.65460919812898,8.545346217292261,22.21088485172266
2002-02-02,11.922192020975068,-42.23591566373684,10.839357352150518,22.530899547991186
2002-02-03,11.813344857245646,-43.372836453184945,10.078753755709027,21.90824541488582
2002-02-04,10.623114114753978,-44.361399132796635,9.441438865535247,22.049740816604544
2002-02-05,10.114364235967399,-44.73593320312331,9.451785993823066,20.61460218556838
2002-02-06,11.13521721675777,-44.07776201157011,7.295837073613717,20.593134169997462
2002-02-07,10.33161635557566,-42.42228037279387,8.733347379989736,20.746345242080192
2002-02-08,10.345010041298924,-43.643780882621385,8.953273319869176,22.24546898688141
2002-02-09,11.153287003828872,-43.17106362368026,8.420769644464007,22.048604499925784
2002-02-10,10.970485597531411,-42.560479053125285,8.580780112115974,21.638779020928183
2002-02-11,11.407009066457354,-43.1480500002499,9.356374261064015,20.933931602237443
2002-02-12,12.879942023606311,-43.638979858852174,11.268089240736042,20.947115643547047
2002-02-13,11.793291829930222,-45.09750812078926,12.093621384319972,19.55326486466494
2002-02-14,11.229620608511041,-44.90619565357605,11.749861630433612,19.75694372041532
2002-02-15,12.227577992913524,-45.39654669830611,10.06530474431152,20.08412510676019
2002-02-16,13.785351210322784,-45.43195426679724,8.392253938052436,21.627478381234685
2002-02-17,13.216064508926015,-47.398075991631,9.868500835776695,19.80821418817822
2002-02-18,13.938480673263902,-48.256704890740465,10.498758038165029,20.17703494048991
2002-02-19,14.238578084098203,-48.785172931729655,11.393730131475309,20.2616446373794
2002-02-20,15.584464240732805,-50.0662421708421,10.800380261215896,19.485335414911265
2002-02-21,15.880410349952244,-49.66283219266996,12.299812971951813,19.269946504297366
2002-02-22,16.214061184215698,-50.074658118977005,11.503887563390201,17.94158721766805
2002-02-23,16.298891321884803,-49.956751771170964,12.20311521062396,18.527884516969923
2002-02-24,16.55840292953745,-48.99174808408556,11.255906055230012,17.73023978658456
2002-02-25,16.779882641306,-48.12290907995853,11.679798525897484,17.54094029571036
2002-02-26,17.099963790814595,-47.38353913164353,11.878073100836872,17.539103154277303
2002-02-27,16.955894985354124,-47.38944604262961,10.98970817466624,18.61623314284114
2002-02-28,17.31101246338408,-47.51211094699877,10.429635782753058,18.063934279705528
2002-03-01,16.64257007996367,-48.25705319787685,11.75097487868178,16.829433367197975
2002-03-02,16.71480932899833,-48.489874990653234,12.299134960723983,15.803549553737156
2002-03-03,17.03492171475507,-49.141275625502495,12.674262680370795,16.15329722141383
2002-03-04,16.005746611088924,-48.277365200153184,12.259241934922565,17.075881330087025
2002-03-05,16.287598354875538,-48.598232121872414,12.76262964479949,17.363638863665066
2002-03-06,15.770651303527137,-48.65896628607807,11.28192755246701,16.614099227577178
2002-03-07,14.331280780421643,-50.710780191288165,13.819807638207436,18.083714177901864
2002-03-08,14.335829819740685,-51.98740818558139,14.3543681780665,18.942839362871126
2002-03-09,14.845368521236942,-52.88361032279068,15.772965485871415,18.10548925108791
2002-03-10,14.751118617314543,-52.81792233015507,15.346427533674714,16.81115802353765
2002-03-11,15.348744572133906,-52.46396380527594,15.135493380852623,18.94979078972209
2002-03-12,16.75061274639119,-51.79342342561166,15.349291042555622,18.374738316448553
2002-03-13,15.520226939030362,-50.921647976401864,15.190185426432489,20.397871290987496
2002-03-14,15.545187875218497,-52.141061523271276,15.655900130157411,20.351248524532323
2002-03-15,14.9023331957616,-50.623972375932226,15.398792509372567,20.042049264498672
2002-03-16,14.969639847397145,-52.96791437162333,15.74060140065453,19.175399880187634
2002-03-17,15.767371087219125,-52.53170897021909,16.033283972679882,20.49017204966927
2002-03-18,15.32959642540902,-53.56387671219306,17.095036813867832,21.15590456198167
2002-03-19,13.98949342730157,-54.53584366468328,16.479555533133993,21.38238041969974
2002-03-20,14.824775109839697,-54.5509583808864,16.013619253383812,20.09934711836365
2002-03-21,15.925786539156542,-54.34008433444928,14.987188348653726,20.186894107538343
2002-03-22,16.372279192118604,-53.60337693843255,14.955948921205449,19.372324795498095
2002-03-23,16.08568730412715,-53.716105219235466,14.299181984322136,18.613792554782062
2002-03-24,16.013820470007527,-53.10120205258704,13.73867607237252,17.09225870726561
2002-03-25,16.576102370493555,-52.3505897117431,13.566558950714954,17.939861117991782
2002-03-26,16.873149206617114,-53.51223332762805,13.550283011165098,17.78519281449891
2002-03-27,16.395435122261322,-52.78157261608643,12.794720293781712,16.203117748764296
2002-03-28,15.709916287187154,-52.97480157641894,13.063446373078577,16.425418520762403
2002-03-29,13.085576638036127,-51.12145239625092,13.210615684427301,17.495064688287783
2002-03-30,13.941763585627204,-49.722146513031504,14.40063990990563,17.73084713333685
2002-03-31,16.495812733006243,-49.94288631734263,14.114004479188418,18.023777992654168
2002-04-01,17.59286341409699,-50.18232994076442,14.845760230530555,15.144245062538634
2002-04-02,17.63552031722469,-49.300386706295754,15.449090169429503,13.572149176327695
2002-04-03,18.399951677840868,-49.21356476471375,13.77411706190066,15.405707946535541
2002-04-04,17.86547569870102,-49.78381754401043,14.091424122911423,14.556153487932988
2002-04-05,18.959637457813383,-49.87379170560591,15.943212793143205,14.034200185187686
2002-04-06,18.64266430190478,-50.35920491135851,16.620005822427075,14.055151391838576
2002-04-07,18.01107600231316,-49.11808622214522,18.012342746631695,12.63327885909031
2002-04-08,16.964306256039343,-50.62085899511497,18.774548311715424,12.247108928489778
2002-04-09,17.40178347703758,-49.125197731240306,20.538443355754765,11.304131008457635
2002-04-10,16.723841884940025,-50.208815965309874,18.986488733316175,11.024534471604648
2002-04-11,16.650112499371104,-50.074546378632576,17.812811856331965,10.615763369463426
2002-04-12,17.026970884847138,-50.96268687083712,18.35900166493846,11.508026416720686
2002-04-13,18.241257043894947,-51.614962006881235,17.24790969752198,11.338756124963016
2002-04-14,17.533739879428705,-53.016899609701944,15.4802466663063,11.187739165930248
2002-04-15,18.374100306982367,-52.898458571588755,13.308023522472755,11.713597947365207
2002-04-16,19.096182828402842,-53.27162270474035,12.117387908758873,11.565402056647283
2002-04-17,18.775224281387622,-53.28632743983088,12.55727894081491,11.87322981554986
2002-04-18,17.29537734869887,-53.75905545162521,12.469232094288447,12.392145001327165
2002-04-19,15.408115736172455,-56.10118984449759,12.451887730456027,10.828322651921138
2002-04-20,14.976735160493305,-56.87540874604102,13.0024729838464,10.312600123899175
2002-04-21,14.870579008284283,-56.533883852051936,14.372400731438915,9.318477138903315
2002-04-22,14.333837109815,-57.07285429117799,15.422264433077292,10.632021338229112
2002-04-23,14.185820630139624,-57.39573733212667,15.60564115442628,10.264195332956215
2002-04-24,14.713021765197745,-57.121093258992204,16.332968484817197,10.098064435523659
2002-04-25,14.798651363335876,-57.03174784795458,17.721814512427958,10.833848432147509
2002-04-26,12.877178379425178,-58.18296726028287,17.31075807148709,9.447956827545475
2002-04-27,13.124088429374778,-57.06039177512924,18.55294650751219,8.44267999920969
2002-04-28,14.676574030244591,-57.884730150579784,20.525658174500478,7.38822887571348
2002-04-29,13.02328980330754,-57.32265247526669,20.351013159206122,8.411814812238056
2002-04-30,12.515658406558515,-58.197490466965256,21.880716663079834,9.221007180742843
2002-05-01,13.882044676663396,-57.61352013494449,22.684816997052508,8.793087448644274
2002-05-02,14.358603729778626,-57.015505401523164,23.796552957426066,9.47689162014542
2002-05-03,14.015474662815269,-56.46389292363041,24.421412156582146,11.498525610286283
2002-05-04,15.438022411134021,-57.200564321975286,25.260143858674937,12.061570237333987
2002-05-05,15.461699097032724,-58.306309013209805,24.799427525163388,13.51713759160202
2002-05-06,16.286026079957278,-58.34901691487854,24.527042206011124,13.812871755039625
2002-05-07,17.89619403344162,-57.026908915297206,24.35677962954948,13.268602039101
2002-05-08,17.228260487343874,-56.80070003917954,22.6923267435929,14.112608139815249
2002-05-09,17.44995843690982,-57.34587935906919,20.7625849683773,12.047871615102832
2002-05-10,16.98321302590634,-59.36225847821449,18.922303752043586,11.307506347761787
2002-05-11,16.567065928659957,-58.82623614788119,19.694733639720784,12.214965614481661
2002-05-12,16.074967553002335,-61.19341748800297,20.345488050013575,12.275049324965307
2002-05-13,14.173322594959803,-62.32422978344933,20.31892871520283,11.73185295573473
2002-05-14,14.846877593274506,-62.61388623855699,20.059815242795146,11.819565078588088
2002-05-15,15.403047351762826,-61.94572421116067,20.936852371621377,11.654973290103518
2002-05-16,16.0256220227429,-62.00268269152768,20.772141868286116,11.3097395046167
2002-05-17,15.710131074905524,-62.23970006680176,20.30291358617766,12.492258132101657
2002-05-18,16.741441322831392,-62.99916390573286,18.46848305412507,12.155596880910956
2002-05-19,14.231421299635738,-64.39475838937638,17.360597787132388,13.439884661242658
2002-05-20,13.962752939611473,-64.11425348636469,19.08632688785411,13.694317891226
2002-05-21,14.741951072882763,-63.09981968733782,19.30856713603048,13.837391820472668
2002-05-22,13.673764432875346,-64.3404891546258,18.09291061289353,16.295285592740285
2002-05-23,14.804217661047634,-64.68523829945627,19.682992312766146,16.530263722706124
2002-05-24,14.798878410097357,-65.5751876563939,18.98898618873557,15.502469488504396
2002-05-25,14.478322490405569,-64.64820387926112,18.36746505286641,15.541532311512958
2002-05-26,14.89118699075241,-64.31665718632384,19.807123898725756,16.293388727235854
2002-05-27,17.348364803535365,-64.89974314126695,19.663094909641586,15.489741010568
2002-05-28,18.411480320000933,-64.47666119559817,18.75310791689445,17.13924534029715
2002-05-29,18.240345514415367,-64.83705243211031,19.023767000304705,17.306222645252717
2002-05-30,17.54956987741621,-65.09535937725407,20.096717200783512,17.402172887704467
2002-05-31,17.947918234319395,-67.22773141466962,20.824905131344583,17.59269079659635
2002-06-01,17.33593216489986,-67.9002717973801,20.52953486865786,18.43899688462759
2002-06-02,17.452295254149135,-68.3660312349973,20.89825481462759,20.319263377760603
2002-06-03,16.552628857810394,-66.42068802279633,21.70341533577488,19.85496381266159
2002-06-04,15.199184485265498,-66.3185072618826,22.24356658059933,19.542895344561284
2002-06-05,16.116303112328946,-67.6035656399051,24.021554454227854,20.823895720541724
2002-06-06,17.03607280648599,-67.15664347403063,22.695454818555117,22.562701503084075
2002-06-07,17.23057540549277,-66.46541790229995,23.044497618093004,24.531787588584454
2002-06-08,18.035696873177823,-66.0704546192016,22.412187280725885,25.483643577993526
2002-06-09,17.997813090189823,-67.57224218160546,22.99296765212221,25.708850238186702
2002-06-10,19.18682027095968,-65.51155699443723,22.689016774891236,28.215300788028173
2002-06-11,19.18806254608013,-65.88171598005583,24.680943991151413,28.27616891832646
2002-06-12,20.578935025254978,-66.03089426688148,25.44940526776551,27.99356537850654
2002-06-13,20.160375515032694,-65.27982117654008,24.608186758633313,27.584324636706352
2002-06-14,21.044234803709774,-65.4663846110212,23.107930384640383,28.524331806674837
2002-06-15,19.63611781261407,-66.37630286623715,24.378546452115117,27.48878269642824
2002-06-16,21.43054716682264,-65.68593102178927,25.384631083846813,26.021227634610117
2002-06-17,21.339504255611274,-64.5901315043612,26.154862613584623,26.289899942186704
2002-06-18,22.19179813508496,-64.10257589178718,26.515351486514295,27.45474117084115
2002-06-19,19.93958655500216,-63.91391069655697,26.06962185434202,27.042468880615793
2002-06-20,20.26683675367997,-63.74574340676988,26.88091288181914,29.666215437001668
2002-06-21,19.02563967899195,-65.54890067456961,27.813921245764007,27.780068486979495
2002-06-22,19.88820268847282,-64.35151567879653,26.594055194518987,27.715003277470334
2002-06-23,21.518114628279456,-63.05213323691214,27.856117416430166,28.11099261186234
2002-06-24,19.974256887146588,-63.242354130802106,27.142049334901113,27.489728628055026
2002-06-25,20.436660453790836,-64.63938117110493,27.644570072116064,29.22671342824158
2002-06-26,19.64876973830476,-64.6159103982047,27.78485189745648,29.74608602654923
2002-06-27,19.045194332087018,-63.89462044179345,28.52544218099133,30.597151385501576
2002-06-28,21.02885931205903,-64.7740178935098,27.821639275842823,30.51289454674905
2002-06-29,20.61080668886081,-65.98413562128034,27.491714243133785,30.197647243618814
2002-06-30,21.207440869265703,-67.60734534496521,24.417761817351877,30.378922296910854
2002-07-01,22.57220720089301,-66.39902400005228,26.047881308940998,30.246201307842433
2002-07-02,21.738999394208815,-65.6097379023348,26.132814670022643,30.47748187610602
2002-07-03,21.526883818879543,-64.87948624988975,26.83337770130383,33.31853888287662
2002-07-04,23.05959864566421,-67.06131022081316,27.550540074830167,33.48968934682777
2002-07-05,23.542457341467703,-67.32149209448596,26.712687953092335,33.591836075868606
2002-07-06,23.17184485260017,-67.05026639059943,25.787095295889525,34.18314105514391
2002-07-07,21.59305615597764,-67.65720194510358,25.3589181678766,34.79194088092115
2002-07-08,20.08572480363975,-67.84986780283306,23.50655398363687,33.790347609449476
2002-07-09,19.99939870685033,-66.81047768183754,23.00335847559184,36.74035273500765
2002-07-10,21.125084515711105,-68.25617019882145,25.526453174695494,35.39456685498981
2002-07-11,21.152307581438116,-66.61268856007264,23.747072711291462,36.02686652801446
2002-07-12,19.654319395217872,-64.9048532284749,22.866891288826167,35.455635978206836
2002-07-13,19.126225366684796,-64.76534871105525,22.379140862513466,34.92083087189728
2002-07-14,17.73768933187908,-64.78126239139041,22.456551842178655,34.274547834715776
2002-07-15,16.831566217610245,-64.48945476345715,23.08128131766782,33.700171139657336
2002-07-16,17.865891549304067,-64.10846942818891,22.619936514153036,33.9884012974057
2002-07-17,19.52851004927809,-65.06838486423986,22.285773786591843,35.33870042045969
2002-07-18,19.8489503575077,-66.62543566651881,22.248079724529045,34.99573812402156
2002-07-19,21.157566386247915,-67.98012461766508,20.398733615352775,35.880089441065756
2002-07-20,21.512270126600765,-68.32194385455333,19.39369526964081,34.11874648777109
2002-07-21,20.706463784490403,-68.25315725390153,19.60518067515443,34.17241662865012
2002-07-22,21.833749357402564,-68.05103440897338,19.050619484504235,33.3645623075657
2002-07-23,23.18853913725774,-67.73886177812516,19.160554966350645,32.298836779846525
2002-07-24,22.762906032383643,-67.76874610715396,17.90482580845063,34.20426018441298
2002-07-25,21.14023408791473,-67.21522370788166,17.305782452056818,34.89591609565767
2002-07-26,21.857436386847347,-66.50286126144954,16.535796384793354,33.72599829161186
2002-07-27,20.90988206215041,-65.74308038325246,18.02032260322119,33.59717441676132
2002-07-28,20.097248722213646,-66.67981211191811,18.748707635008138,35.41504884218604
2002-07-29,19.975307582306506,-66.99495609655094,18.029417819499507,35.54249077477228
2002-07-30,19.005847992502076,-66.35198798182535,16.552903234645495,36.0877109026601
2002-07-31,19.119507295501087,-66.03017174124265,14.783857763427354,35.08651150732373
2002-08-01,20.08620700684359,-66.90110055514995,14.964663957190515,35.38897387436629
2002-08-02,20.669620491286896,-68.77261593985838,16.69531846939294,35.763857159600455
2002-08-03,21.323936209587472,-68.6874454174704,17.9858537295219,34.68291333641352
2002-08-04,21.778820432370303,-67.50998439563813,16.39036032008938,36.10061166080869
2002-08-05,20.773844321158975,-69.0154015372658,19.617650082964307,35.8019845677514
2002-08-06,18.799191902340784,-71.08995828923656,21.040924851385626,34.59233652065692
2002-08-07,20.51494329433146,-69.70634187000607,19.661495491064247,34.93927954719649
2002-08-08,22.48026305647591,-69.46438137003223,18.755371857599336,35.35309547205813
2002-08-09,21.716769763027266,-69.51358782144112,19.726897788458594,38.82888841411493
2002-08-10,21.091767518399465,-69.58462747324918,20.40073519391682,40.77988761631976
2002-08-11,22.78401717851662,-69.85806735285261,21.55773627489486,39.81721316836278
2002-08-12,23.79258019236028,-69.1790701715323,21.408322803654187,39.25159376488254
2002-08-13,23.483630468837802,-70.10982964276674,21.470679067489332,39.74277268112267
2002-08-14,24.278778320870835,-70.50295827217755,20.64006775390464,42.08242424716985
2002-08-15,22.84823994570535,-70.53028512455063,20.109062891978226,41.448552068905464
2002-08-16,24.47984595871315,-72.11692452876729,20.55759437525031,42.54935616502547
2002-08-17,24.44420261860349,-70.58305811810493,20.03896435911905,44.614365061925454
2002-08-18,24.769189843724263,-72.29554894163657,22.3956218797622,44.54261747741132
2002-08-19,25.779450289233843,-69.9005227250639,22.5091127765705,43.87528251103931
2002-08-20,25.831615438355623,-68.32608067829143,21.273908203389826,42.487554010667196
2002-08-21,24.785740754702687,-68.45538831185264,22.543621419776034,42.67987479603773
2002-08-22,25.425265821748486,-66.82297859280493,24.443738232303172,43.141193357734345
2002-08-23,23.936398339192813,-66.64202745162717,23.38816239127539,42.41877095947728
2002-08-24,26.49233270664515,-66.62154708460051,22.436462041989625,42.35595741584547
2002-08-25,25.70677979982557,-65.92990296620317,21.834244669967404,40.851546368728876
2002-08-26,24.60910856589542,-66.92497184996934,21.572544229643015,39.6124482300431
2002-08-27,24.495959082181642,-66.91489781850368,20.67644388154198,39.891927402570964
2002-08-28,23.74103486240703,-66.73522534216434,19.300356689864504,39.872245435140826
2002-08-29,22.886697720457597,-68.70088911344298,19.58256698830007,40.38231546967742
2002-08-30,21.72712349491853,-70.5626054166222,19.088326932974102,41.77981790674864
2002-08-31,20.685535623558415,-70.61347337095884,20.52730747755356,41.63532086174453
2002-09-01,21.174159753381815,-69.0337587807354,19.692467155803012,41.05267847760105
2002-09-02,20.066785073905464,-68.78776147329367,19.830160319518843,40.530821218378314
2002-09-03,19.915523754907472,-69.64265182747576,18.575998734560017,40.87134933825895
2002-09-04,20.333270379962805,-69.46276476863088,17.26542816725132,40.77307405895426
2002-09-05,20.589582097503072,-68.40783613135294,18.65623443052932,42.74838134991023
2002-09-06,19.290941355433397,-68.8820324004055,20.312270346588434,42.178343605615254
2002-09-07,18.768502797501384,-68.0419071372531,20.752725697825287,41.25407727230697
2002-09-08,18.185722345104775,-68.56827019093001,20.438491417787976,40.64366457438689
2002-09-09,16.982216655350754,-68.60527925446829,18.225740529786982,40.13691202353801
2002-09-10,16.964634588558976,-67.9338241963384,16.627296166525937,40.72019595102251
2002-09-11,14.699538810010456,-66.939362599742,17.49386816815133,41.56980544552005
2002-09-12,13.872741406613642,-68.00396108692652,13.938339798183517,42.278789525033694
2002-09-13,14.047343751492582,-68.82089780213896,13.19014524028635,43.4641529867854
2002-09-14,15.488204449485082,-69.80218622851685,13.419498049793686,45.51503794286347
2002-09-15,13.916465711050538,-69.74082218844765,12.174292558580625,44.9943982882445
2002-09-16,14.658732840225568,-70.89371166749771,12.754229223885376,46.833770812299385
2002-09-17,15.59334680358291,-71.88388637922188,13.132856098526645,48.805858594237876
2002-09-18,15.231393577419377,-70.17833341286831,14.525237105853922,49.92221738650896
2002-09-19,14.266579119428602,-70.95083676187865,14.74633097565337,48.700918797989665
2002-09-20,15.56834987433443,-71.71323100645458,15.684375436131752,49.4398250060335
2002-09-21,15.34984800965015,-72.30070771104185,16.072691490707253,49.964722476929964
2002-09-22,14.279691979502052,-71.84884792088471,12.963296029334588,51.122947197438634
2002-09-23,15.605292216066887,-69.36277438120064,13.254798996275742,52.342207250648116
2002-09-24,14.806999307505327,-70.36504575901296,14.406706733430335,53.52774580074135
2002-09-25,15.166845539776265,-69.50861604118346,16.54958645472211,55.55445760041553
2002-09-26,15.046656262420028,-69.55353449737493,16.612205638921658,54.710972779977965
